,Unnamed: 0,city,neighborhood,redfin_lat,redfin_lng,month,sale_price,homes_sold,new_listings,days_on_market,index,last_reported,num_bikes_available,num_bikes_disabled,num_docks_available,num_docks_disabled,num_ebikes_available,station_id,capacity,divvy_lat,divvy_lng,name,count
0,0,"Chicago, IL ",Albany Park,41.968326899999994,-87.72802790000001,Aug-19,295.0,113,133,54,439,1576794346,5,0,6,0,0,477,11,41.965875,-87.700825,Manor Ave & Leland Ave,2
1,0,"Chicago, IL ",Albany Park,41.968326899999994,-87.72802790000001,Aug-19,295.0,113,133,54,457,1576784097,4,0,7,0,0,495,11,41.96110802,-87.72897009999998,Keystone Ave & Montrose Ave,2
2,1,"Chicago, IL ",Andersonville,41.9816581,-87.6684762,Aug-19,419.0,94,79,50,423,1576801664,6,0,9,0,0,460,15,41.983593,-87.669154,Clark St & Bryn Mawr Ave,2
3,1,"Chicago, IL ",Andersonville,41.9816581,-87.6684762,Aug-19,419.0,94,79,50,426,1576802664,14,0,5,0,0,463,19,41.97799665,-87.6680471,Clark St & Berwyn Ave,2
4,3,"Chicago, IL ",Armour Square,41.8407554,-87.63401859999998,Aug-19,265.0,7,20,58,118,1576804635,11,2,2,0,0,132,15,41.85008369,-87.63214052,Wentworth Ave & 24th St (Temp),6
5,3,"Chicago, IL ",Armour Square,41.8407554,-87.63401859999998,Aug-19,265.0,7,20,58,199,1576796906,1,0,10,0,0,218,11,41.856802,-87.63387900000001,Wells St & 19th St,6
6,3,"Chicago, IL ",Armour Square,41.8407554,-87.63401859999998,Aug-19,265.0,7,20,58,365,1576803820,3,0,8,0,0,401,11,41.842733,-87.635491,Shields Ave & 28th Pl,6
7,3,"Chicago, IL ",Armour Square,41.8407554,-87.63401859999998,Aug-19,265.0,7,20,58,366,1576766842,3,0,12,0,0,402,15,41.838464,-87.635406,Shields Ave & 31st St,6
8,3,"Chicago, IL ",Armour Square,41.8407554,-87.63401859999998,Aug-19,265.0,7,20,58,367,1576803512,5,0,10,0,0,403,15,41.83452989,-87.63182298,Wentworth Ave & 33rd St,6
9,3,"Chicago, IL ",Armour Square,41.8407554,-87.63401859999998,Aug-19,265.0,7,20,58,368,1576800241,6,0,9,0,0,405,15,41.830777000000005,-87.632504,Wentworth Ave & 35th St,6
10,8,"Chicago, IL ",Avondale,41.941501099999996,-87.70250209999998,Aug-19,443.0,112,121,49,452,1576748934,4,0,11,0,0,490,15,41.94524357,-87.7066499,Troy St & Elston Ave,5
11,8,"Chicago, IL ",Avondale,41.941501099999996,-87.70250209999998,Aug-19,443.0,112,121,49,458,1576797326,4,0,7,0,0,496,11,41.939408,-87.723574,Avers Ave & Belmont Ave,5
12,8,"Chicago, IL ",Avondale,41.941501099999996,-87.70250209999998,Aug-19,443.0,112,121,49,459,1576790824,3,0,12,0,0,497,15,41.939398,-87.711561,Kimball Ave & Belmont Ave,5
13,8,"Chicago, IL ",Avondale,41.941501099999996,-87.70250209999998,Aug-19,443.0,112,121,49,460,1576804137,7,0,12,0,0,498,19,41.93842879,-87.69800776,California Ave & Fletcher St,5
14,8,"Chicago, IL ",Avondale,41.941501099999996,-87.70250209999998,Aug-19,443.0,112,121,49,462,1576688058,8,0,7,0,0,500,15,41.93533728,-87.71688929,Central Park Ave & Elbridge Ave,5
15,9,"Chicago, IL ",Back of the Yards,41.8066775,-87.6679765,Aug-19,115.0,73,123,53,351,1576752349,2,0,9,0,0,384,11,41.80183164,-87.6452139,Halsted St & 51st St,12
16,9,"Chicago, IL ",Back of the Yards,41.8066775,-87.6679765,Aug-19,115.0,73,123,53,374,1576768124,4,0,7,0,0,411,11,41.80813391,-87.64561655,Halsted St & 47th Pl,12
17,9,"Chicago, IL ",Back of the Yards,41.8066775,-87.6679765,Aug-19,115.0,73,123,53,507,1576752923,4,0,7,0,0,549,11,41.813996,-87.666589,Marshfield Ave & 44th St,12
18,9,"Chicago, IL ",Back of the Yards,41.8066775,-87.6679765,Aug-19,115.0,73,123,53,509,1576753009,4,0,7,0,0,551,11,41.808227,-87.67718,Hoyne Ave & 47th St,12
19,9,"Chicago, IL ",Back of the Yards,41.8066775,-87.6679765,Aug-19,115.0,73,123,53,510,1576796140,1,0,10,0,0,552,11,41.80887,-87.66454,Ashland Ave & McDowell Ave,12
20,9,"Chicago, IL ",Back of the Yards,41.8066775,-87.6679765,Aug-19,115.0,73,123,53,511,1576752053,6,0,5,0,0,553,11,41.80839,-87.656526,Elizabeth St & 47th St,12
21,9,"Chicago, IL ",Back of the Yards,41.8066775,-87.6679765,Aug-19,115.0,73,123,53,512,1576752991,2,0,5,0,0,554,7,41.800908,-87.674684,Damen Ave & 51st St,12
22,9,"Chicago, IL ",Back of the Yards,41.8066775,-87.6679765,Aug-19,115.0,73,123,53,513,1576752105,2,0,9,0,0,555,11,41.803022999999996,-87.664699,Ashland Ave & 50th St,12
23,9,"Chicago, IL ",Back of the Yards,41.8066775,-87.6679765,Aug-19,115.0,73,123,53,514,1576752410,4,0,3,0,0,556,7,41.799659000000005,-87.657195,Throop St & 52nd St,12
24,9,"Chicago, IL ",Back of the Yards,41.8066775,-87.6679765,Aug-19,115.0,73,123,53,515,1576666543,3,0,8,0,0,557,11,41.794087,-87.675478,Seeley Ave & Garfield Blvd,12
25,9,"Chicago, IL ",Back of the Yards,41.8066775,-87.6679765,Aug-19,115.0,73,123,53,517,1576666549,3,0,8,0,0,559,11,41.794228000000004,-87.655073,Racine Ave & Garfield Blvd,12
26,9,"Chicago, IL ",Back of the Yards,41.8066775,-87.6679765,Aug-19,115.0,73,123,53,552,1576666550,5,0,6,0,0,594,11,41.805661,-87.683392,Western Blvd & 48th Pl,12
27,10,"Chicago, IL ",Belmont Gardens,41.935393499999996,-87.7296983,Aug-19,327.0,8,36,40,564,1576798900,8,0,3,0,0,619,11,41.92459,-87.72785,Keystone Ave & Fullerton Ave,1
28,14,"Chicago, IL ",Bridgeport,41.8364162,-87.64866090000002,Aug-19,420.0,87,118,67,187,1576802740,7,0,8,0,0,206,15,41.847203,-87.646795,Halsted St & Archer Ave,9
29,14,"Chicago, IL ",Bridgeport,41.8364162,-87.64866090000002,Aug-19,420.0,87,118,67,188,1576798219,4,0,11,0,0,207,15,41.843579999999996,-87.645368,Emerald Ave & 28th St,9
30,14,"Chicago, IL ",Bridgeport,41.8364162,-87.64866090000002,Aug-19,420.0,87,118,67,241,1576797807,10,0,1,0,0,262,11,41.827059000000006,-87.64572,Halsted St & 37th St,9
31,14,"Chicago, IL ",Bridgeport,41.8364162,-87.64866090000002,Aug-19,420.0,87,118,67,255,1576800014,11,0,4,0,0,278,15,41.830628999999995,-87.64129,Wallace St & 35th St,9
32,14,"Chicago, IL ",Bridgeport,41.8364162,-87.64866090000002,Aug-19,420.0,87,118,67,256,1576795476,3,0,12,0,0,279,15,41.830661,-87.647172,Halsted St & 35th St,9
33,14,"Chicago, IL ",Bridgeport,41.8364162,-87.64866090000002,Aug-19,420.0,87,118,67,257,1576804313,3,0,8,0,0,280,11,41.8378,-87.65114,Morgan St & 31st St,9
34,14,"Chicago, IL ",Bridgeport,41.8364162,-87.64866090000002,Aug-19,420.0,87,118,67,337,1576802264,8,0,3,0,0,366,11,41.84163254,-87.65743495,Loomis St & Archer Ave,9
35,14,"Chicago, IL ",Bridgeport,41.8364162,-87.64866090000002,Aug-19,420.0,87,118,67,338,1576795151,8,0,7,0,0,367,15,41.83069611,-87.65597591,Racine Ave & 35th St,9
36,14,"Chicago, IL ",Bridgeport,41.8364162,-87.64866090000002,Aug-19,420.0,87,118,67,506,1576799769,0,0,7,0,0,548,7,41.823613,-87.650931,Morgan St & Pershing Rd,9
37,16,"Chicago, IL ",Bronzeville,41.816644399999994,-87.61677440000004,Aug-19,241.0,138,196,67,182,1576727532,7,0,4,0,0,201,11,41.82168,-87.6216,Indiana Ave & 40th St,4
38,16,"Chicago, IL ",Bronzeville,41.816644399999994,-87.61677440000004,Aug-19,241.0,138,196,67,328,1576798764,7,0,8,0,0,351,15,41.803038,-87.606615,Cottage Grove Ave & 51st St,4
39,16,"Chicago, IL ",Bronzeville,41.816644399999994,-87.61677440000004,Aug-19,241.0,138,196,67,373,1576802514,3,0,12,0,0,410,15,41.81665889,-87.61941246,Prairie Ave & 43rd St,4
40,16,"Chicago, IL ",Bronzeville,41.816644399999994,-87.61677440000004,Aug-19,241.0,138,196,67,378,1576778879,4,0,7,0,0,415,11,41.80229465,-87.61805358,Calumet Ave & 51st St,4
41,17,"Chicago, IL ",Bucktown,41.922706700000006,-87.68027479999998,Aug-19,590.0,103,112,57,54,1576801514,2,0,21,0,0,58,23,41.916017,-87.668879,Marshfield Ave & Cortland St,6
42,17,"Chicago, IL ",Bucktown,41.922706700000006,-87.68027479999998,Aug-19,590.0,103,112,57,102,1576804358,2,0,13,0,0,116,15,41.91552,-87.687022,Western Ave & Winnebago Ave,6
43,17,"Chicago, IL ",Bucktown,41.922706700000006,-87.68027479999998,Aug-19,590.0,103,112,57,200,1576802336,3,0,16,0,0,219,19,41.915983000000004,-87.677335,Damen Ave & Cortland St,6
44,17,"Chicago, IL ",Bucktown,41.922706700000006,-87.68027479999998,Aug-19,590.0,103,112,57,237,1576803106,8,0,19,0,0,258,27,41.929465,-87.684158,Logan Blvd & Elston Ave,6
45,17,"Chicago, IL ",Bucktown,41.922706700000006,-87.68027479999998,Aug-19,590.0,103,112,57,467,1576799615,7,0,8,0,0,505,15,41.92409085,-87.67646007,Winchester Ave & Elston Ave,6
46,17,"Chicago, IL ",Bucktown,41.922706700000006,-87.68027479999998,Aug-19,590.0,103,112,57,573,1576798228,4,0,19,0,0,628,23,41.914609999999996,-87.667968,Walsh Park,6
47,23,"Chicago, IL ",Douglas,41.8347323,-87.6206132,Aug-19,199.0,39,67,55,134,1576793560,3,0,8,0,0,149,11,41.8349,-87.61793,Calumet Ave & 33rd St,4
48,23,"Chicago, IL ",Douglas,41.8347323,-87.6206132,Aug-19,199.0,39,67,55,135,1576795301,5,0,22,0,0,150,27,41.838556,-87.60821800000001,Fort Dearborn Dr & 31st St,4
49,23,"Chicago, IL ",Douglas,41.8347323,-87.6206132,Aug-19,199.0,39,67,55,162,1576804188,9,0,6,0,0,179,15,41.8246,-87.61678,MLK Jr Dr & Pershing Rd,4
50,23,"Chicago, IL ",Douglas,41.8347323,-87.6206132,Aug-19,199.0,39,67,55,216,1576802460,7,0,12,0,0,237,19,41.842052,-87.617,MLK Jr Dr & 29th St,4
51,27,"Chicago, IL ",Edgewater,41.983685200000004,-87.66011410000002,Aug-19,240.0,278,293,58,417,1576758890,9,0,14,0,0,454,23,41.99477969,-87.66028453,Broadway & Granville Ave,2
52,27,"Chicago, IL ",Edgewater,41.983685200000004,-87.66011410000002,Aug-19,240.0,278,293,58,422,1576793597,9,0,10,0,0,459,19,41.984036700000004,-87.65231047,Lakefront Trail & Bryn Mawr Ave,2
53,30,"Chicago, IL ",Englewood,41.775304999999996,-87.64164190000002,Aug-19,68.0,40,87,58,353,1576738688,3,0,8,0,0,386,11,41.79292965,-87.64499006,Halsted St & 56th St,9
54,30,"Chicago, IL ",Englewood,41.775304999999996,-87.64164190000002,Aug-19,68.0,40,87,58,354,1576666762,4,0,7,0,0,388,11,41.77938114,-87.64462081,Halsted St & 63rd St,9
55,30,"Chicago, IL ",Englewood,41.775304999999996,-87.64164190000002,Aug-19,68.0,40,87,58,355,1576714768,2,0,9,0,0,390,11,41.78007963,-87.62974631,Wentworth Ave & 63rd St,9
56,30,"Chicago, IL ",Englewood,41.775304999999996,-87.64164190000002,Aug-19,68.0,40,87,58,520,1576666643,3,0,8,0,0,562,11,41.783189,-87.654372,Racine Ave & 61st St,9
57,30,"Chicago, IL ",Englewood,41.775304999999996,-87.64164190000002,Aug-19,68.0,40,87,58,522,1576753119,4,0,7,0,0,564,11,41.775393,-87.654308,Racine Ave & 65th St,9
58,30,"Chicago, IL ",Englewood,41.775304999999996,-87.64164190000002,Aug-19,68.0,40,87,58,525,1576753042,6,0,5,0,0,567,11,41.768938,-87.652934,May St & 69th St,9
59,30,"Chicago, IL ",Englewood,41.775304999999996,-87.64164190000002,Aug-19,68.0,40,87,58,590,1575953921,4,0,3,0,0,648,7,41.77987,-87.65091899999999,Carpenter St & 63rd St,9
60,30,"Chicago, IL ",Englewood,41.775304999999996,-87.64164190000002,Aug-19,68.0,40,87,58,591,1576558733,7,0,5,0,0,649,12,41.779835,-87.634774,Stewart Ave & 63rd St (*),9
61,30,"Chicago, IL ",Englewood,41.775304999999996,-87.64164190000002,Aug-19,68.0,40,87,58,592,1576731428,5,0,7,0,0,650,12,41.768898,-87.635876,Eggleston Ave & 69th St (*),9
62,31,"Chicago, IL ",Fuller Park,41.8090919,-87.6333765,Aug-19,90.0,8,18,46,352,1576764062,8,0,3,0,0,385,11,41.794982,-87.633124,Princeton Ave & Garfield Blvd,2
63,31,"Chicago, IL ",Fuller Park,41.8090919,-87.6333765,Aug-19,90.0,8,18,46,372,1576697105,6,0,5,0,0,409,11,41.81620768,-87.63481935,Shields Ave & 43rd St,2
64,35,"Chicago, IL ",Gold Coast,41.9066994,-87.6253308,Aug-19,407.0,92,164,83,155,1576800757,2,1,8,0,0,172,11,41.902308700000006,-87.62769053,Rush St & Cedar St,3
65,35,"Chicago, IL ",Gold Coast,41.9066994,-87.6253308,Aug-19,407.0,92,164,83,163,1576801950,4,0,11,0,0,180,15,41.906866,-87.62621700000001,Ritchie Ct & Banks St,3
66,35,"Chicago, IL ",Gold Coast,41.9066994,-87.6253308,Aug-19,407.0,92,164,83,278,1576802958,9,0,10,0,0,301,19,41.907993,-87.631501,Clark St & Schiller St,3
67,36,"Chicago, IL ",Goose Island,41.903563399999996,-87.65409240000002,Aug-19,433.0,23,29,71,16,1576804575,7,0,8,0,0,20,15,41.910522,-87.65310600000001,Sheffield Ave & Kingsbury St,5
68,36,"Chicago, IL ",Goose Island,41.903563399999996,-87.65409240000002,Aug-19,433.0,23,29,71,308,1576803126,18,0,9,0,0,331,27,41.909667999999996,-87.648128,Halsted St & Clybourn Ave,5
69,36,"Chicago, IL ",Goose Island,41.903563399999996,-87.65409240000002,Aug-19,433.0,23,29,71,334,1576801837,11,0,12,0,0,359,23,41.90348607,-87.64335349,Larrabee St & Division St,5
70,36,"Chicago, IL ",Goose Island,41.903563399999996,-87.65409240000002,Aug-19,433.0,23,29,71,336,1576800431,3,0,12,0,0,365,15,41.89936844,-87.64847988,Halsted St & North Branch St,5
71,36,"Chicago, IL ",Goose Island,41.903563399999996,-87.65409240000002,Aug-19,433.0,23,29,71,608,1576769123,9,0,6,0,0,666,15,41.907221,-87.655618,Cherry Ave & Blackhawk St,5
72,38,"Chicago, IL ",Grand Crossing,41.7657032,-87.61525069999998,Aug-19,142.0,28,44,71,247,1576666520,3,0,8,0,0,270,11,41.75866967,-87.58688287,Stony Island Ave & 75th St,4
73,38,"Chicago, IL ",Grand Crossing,41.7657032,-87.61525069999998,Aug-19,142.0,28,44,71,534,1576801207,4,0,7,0,0,576,11,41.751294,-87.59755200000001,Greenwood Ave & 79th St,4
74,38,"Chicago, IL ",Grand Crossing,41.7657032,-87.61525069999998,Aug-19,142.0,28,44,71,541,1576752942,4,0,7,0,0,583,11,41.746559000000005,-87.586005,Stony Island Ave & 82nd St,4
75,38,"Chicago, IL ",Grand Crossing,41.7657032,-87.61525069999998,Aug-19,142.0,28,44,71,543,1576753036,4,0,7,0,0,585,11,41.743441,-87.60483599999999,Cottage Grove Ave & 83rd St,4
76,39,"Chicago, IL ",Greater Grand Crossing,41.7657032,-87.61525069999998,Aug-19,133.0,64,104,94,357,1576752948,4,0,7,0,0,392,11,41.76929309,-87.62819593,Perry Ave & 69th St,11
77,39,"Chicago, IL ",Greater Grand Crossing,41.7657032,-87.61525069999998,Aug-19,133.0,64,104,94,358,1576752388,6,0,5,0,0,393,11,41.76550801,-87.61691793,Calumet Ave & 71st St,11
78,39,"Chicago, IL ",Greater Grand Crossing,41.7657032,-87.61525069999998,Aug-19,133.0,64,104,94,364,1576752417,4,0,7,0,0,400,11,41.76571904,-87.60495971,Cottage Grove Ave & 71st St,11
79,39,"Chicago, IL ",Greater Grand Crossing,41.7657032,-87.61525069999998,Aug-19,133.0,64,104,94,393,1576753074,4,0,7,0,0,430,11,41.78008064,-87.61594286,MLK Jr Dr & 63rd St,11
80,39,"Chicago, IL ",Greater Grand Crossing,41.7657032,-87.61525069999998,Aug-19,133.0,64,104,94,526,1576752955,3,0,4,0,0,568,7,41.75797,-87.63121,Vincennes Ave & 75th St,11
81,39,"Chicago, IL ",Greater Grand Crossing,41.7657032,-87.61525069999998,Aug-19,133.0,64,104,94,527,1576752608,5,0,6,0,0,569,11,41.759159999999994,-87.595751,Woodlawn Ave & 75th St,11
82,39,"Chicago, IL ",Greater Grand Crossing,41.7657032,-87.61525069999998,Aug-19,133.0,64,104,94,529,1576666607,3,0,8,0,0,571,11,41.758361,-87.614138,Vernon Ave & 75th St,11
83,39,"Chicago, IL ",Greater Grand Crossing,41.7657032,-87.61525069999998,Aug-19,133.0,64,104,94,530,1576752928,3,0,8,0,0,572,11,41.756971,-87.62462099999999,State St & 76th St,11
84,39,"Chicago, IL ",Greater Grand Crossing,41.7657032,-87.61525069999998,Aug-19,133.0,64,104,94,533,1576752741,4,0,7,0,0,575,11,41.753174,-87.605026,Cottage Grove Ave & 78th St,11
85,39,"Chicago, IL ",Greater Grand Crossing,41.7657032,-87.61525069999998,Aug-19,133.0,64,104,94,593,1575953867,1,0,6,0,0,651,7,41.765285999999996,-87.621748,Michigan Ave & 71st St,11
86,39,"Chicago, IL ",Greater Grand Crossing,41.7657032,-87.61525069999998,Aug-19,133.0,64,104,94,594,1576753109,5,0,6,0,0,652,11,41.766000000000005,-87.611726,Rhodes Ave & 71st St,11
87,43,"Chicago, IL ",Humboldt Park,41.89907520000001,-87.721293,Aug-19,370.0,211,277,57,342,1576752713,5,0,6,0,0,373,11,41.8954653,-87.70612788,Kedzie Ave & Chicago Ave,4
88,43,"Chicago, IL ",Humboldt Park,41.89907520000001,-87.721293,Aug-19,370.0,211,277,57,344,1576789553,2,0,9,0,0,375,11,41.89046879,-87.70260751,Sacramento Blvd & Franklin Blvd,4
89,43,"Chicago, IL ",Humboldt Park,41.89907520000001,-87.721293,Aug-19,370.0,211,277,57,470,1576799704,6,0,9,0,0,508,15,41.90965688,-87.71663195,Central Park Ave & North Ave,4
90,43,"Chicago, IL ",Humboldt Park,41.89907520000001,-87.721293,Aug-19,370.0,211,277,57,472,1576759083,3,0,8,0,0,510,11,41.90270659,-87.70921957,Spaulding Ave & Division St,4
91,44,"Chicago, IL ",Hyde Park,41.794766499999994,-87.59167529999998,Aug-19,216.0,121,122,55,381,1576804411,4,0,7,0,0,418,11,41.79933626,-87.60095811,Ellis Ave & 53rd St,2
92,44,"Chicago, IL ",Hyde Park,41.794766499999994,-87.59167529999998,Aug-19,216.0,121,122,55,383,1576802689,1,0,18,0,0,420,19,41.79430062,-87.60144977,Ellis Ave & 55th St,2
93,45,"Chicago, IL ",Irving Park,41.9538222,-87.7192875,Aug-19,347.0,212,245,55,442,1576752308,6,0,5,0,0,480,11,41.961040999999994,-87.705866,Albany Ave & Montrose Ave,9
94,45,"Chicago, IL ",Irving Park,41.9538222,-87.7192875,Aug-19,347.0,212,245,55,443,1576799356,6,0,9,0,0,481,15,41.961068,-87.69543900000001,California Ave & Montrose Ave,9
95,45,"Chicago, IL ",Irving Park,41.9538222,-87.7192875,Aug-19,347.0,212,245,55,446,1576799254,6,0,9,0,0,484,15,41.95400484,-87.71912818,Monticello Ave & Irving Park Rd,9
96,45,"Chicago, IL ",Irving Park,41.9538222,-87.7192875,Aug-19,347.0,212,245,55,447,1576792233,9,0,6,0,0,485,15,41.95358618,-87.7093108,Sawyer Ave & Irving Park Rd,9
97,45,"Chicago, IL ",Irving Park,41.9538222,-87.7192875,Aug-19,347.0,212,245,55,449,1576802534,8,0,11,0,0,487,19,41.95216219,-87.69805111,California Ave & Byron St,9
98,45,"Chicago, IL ",Irving Park,41.9538222,-87.7192875,Aug-19,347.0,212,245,55,450,1576802679,6,0,5,0,0,488,11,41.946264,-87.731023,Pulaski Rd & Eddy St (Temp),9
99,45,"Chicago, IL ",Irving Park,41.9538222,-87.7192875,Aug-19,347.0,212,245,55,451,1576800986,2,0,13,0,0,489,15,41.947326000000004,-87.717582,Drake Ave & Addison St,9
100,45,"Chicago, IL ",Irving Park,41.9538222,-87.7192875,Aug-19,347.0,212,245,55,574,1576752064,5,1,9,0,0,630,15,41.961079999999995,-87.73569,Kildare Ave & Montrose Ave,9
101,45,"Chicago, IL ",Irving Park,41.9538222,-87.7192875,Aug-19,347.0,212,245,55,582,1576804521,6,0,5,0,0,640,11,41.949923,-87.713949,Bernard St & Elston Ave,9
102,50,"Chicago, IL ",Kenwood,41.8094772,-87.59326639999998,Aug-19,260.0,63,80,66,245,1576801139,7,0,8,0,0,267,15,41.809443,-87.591875,Lake Park Ave & 47th St,3
103,50,"Chicago, IL ",Kenwood,41.8094772,-87.59326639999998,Aug-19,260.0,63,80,66,376,1576802725,7,0,8,0,0,413,15,41.81409271,-87.59700515,Woodlawn Ave & Lake Park Ave,3
104,50,"Chicago, IL ",Kenwood,41.8094772,-87.59326639999998,Aug-19,260.0,63,80,66,379,1576666550,8,0,7,0,0,416,15,41.805772,-87.592464,Dorchester Ave & 49th St,3
105,51,"Chicago, IL ",Lake View,41.9397814,-87.65892729999999,Aug-19,407.0,659,700,62,117,1576801763,3,0,12,0,0,131,15,41.939365,-87.668385,Lincoln Ave & Belmont Ave,10
106,51,"Chicago, IL ",Lake View,41.9397814,-87.65892729999999,Aug-19,407.0,659,700,62,137,1576804188,18,0,1,0,0,153,19,41.935733,-87.663576,Southport Ave & Wellington Ave,10
107,51,"Chicago, IL ",Lake View,41.9397814,-87.65892729999999,Aug-19,407.0,659,700,62,138,1576801631,6,2,7,0,0,154,15,41.93949,-87.66378,Southport Ave & Belmont Ave,10
108,51,"Chicago, IL ",Lake View,41.9397814,-87.65892729999999,Aug-19,407.0,659,700,62,140,1576804352,8,0,7,0,0,157,15,41.93668845,-87.63682902,Lake Shore Dr & Wellington Ave,10
109,51,"Chicago, IL ",Lake View,41.9397814,-87.65892729999999,Aug-19,407.0,659,700,62,209,1576802805,10,0,9,0,0,229,19,41.943739,-87.66402,Southport Ave & Roscoe St,10
110,51,"Chicago, IL ",Lake View,41.9397814,-87.65892729999999,Aug-19,407.0,659,700,62,210,1576804261,6,0,13,0,0,230,19,41.94334,-87.67097,Lincoln Ave & Roscoe St,10
111,51,"Chicago, IL ",Lake View,41.9397814,-87.65892729999999,Aug-19,407.0,659,700,62,214,1576803712,5,0,14,0,0,234,19,41.961588,-87.666036,Clark St & Montrose Ave,10
112,51,"Chicago, IL ",Lake View,41.9397814,-87.65892729999999,Aug-19,407.0,659,700,62,225,1576804682,2,0,9,0,0,246,11,41.956057,-87.668835,Ashland Ave & Belle Plaine Ave,10
113,51,"Chicago, IL ",Lake View,41.9397814,-87.65892729999999,Aug-19,407.0,659,700,62,229,1576802489,11,0,8,0,0,250,19,41.936083,-87.66980699999999,Ashland Ave & Wellington Ave,10
114,51,"Chicago, IL ",Lake View,41.9397814,-87.65892729999999,Aug-19,407.0,659,700,62,291,1576797107,2,0,13,0,0,314,15,41.957921,-87.673567,Ravenswood Ave & Berteau Ave,10
115,52,"Chicago, IL ",Lake View East,41.9399723,-87.6492748,Aug-19,283.0,343,362,64,101,1576801668,6,1,16,0,0,115,23,41.936265999999996,-87.652662,Sheffield Ave & Wellington Ave,16
116,52,"Chicago, IL ",Lake View East,41.9399723,-87.6492748,Aug-19,283.0,343,362,64,103,1576803692,2,0,25,0,0,117,27,41.94018,-87.65304,Wilton Ave & Belmont Ave,16
117,52,"Chicago, IL ",Lake View East,41.9399723,-87.6492748,Aug-19,283.0,343,362,64,148,1576804290,4,0,19,0,0,165,23,41.95078,-87.659172,Clark St & Grace St,16
118,52,"Chicago, IL ",Lake View East,41.9399723,-87.6492748,Aug-19,283.0,343,362,64,206,1576804347,9,1,5,0,0,226,15,41.939743,-87.658865,Racine Ave & Belmont Ave,16
119,52,"Chicago, IL ",Lake View East,41.9399723,-87.6492748,Aug-19,283.0,343,362,64,212,1576803581,2,1,20,0,0,232,23,41.949275,-87.646303,Pine Grove Ave & Waveland Ave,16
120,52,"Chicago, IL ",Lake View East,41.9399723,-87.6492748,Aug-19,283.0,343,362,64,219,1576804312,1,0,26,0,0,240,27,41.954245,-87.65440600000001,Sheridan Rd & Irving Park Rd,16
121,52,"Chicago, IL ",Lake View East,41.9399723,-87.6492748,Aug-19,283.0,343,362,64,233,1576804213,5,0,10,0,0,254,15,41.954383,-87.648043,Pine Grove Ave & Irving Park Rd,16
122,52,"Chicago, IL ",Lake View East,41.9399723,-87.6492748,Aug-19,283.0,343,362,64,235,1576803148,6,0,9,0,0,256,15,41.952833,-87.64999300000001,Broadway & Sheridan Rd,16
123,52,"Chicago, IL ",Lake View East,41.9399723,-87.6492748,Aug-19,283.0,343,362,64,273,1576802281,2,0,17,0,0,296,19,41.940106,-87.645451,Broadway & Belmont Ave,16
124,52,"Chicago, IL ",Lake View East,41.9399723,-87.6492748,Aug-19,283.0,343,362,64,276,1576804545,4,0,11,0,0,299,15,41.943670000000004,-87.64895,Halsted St & Roscoe St,16
125,52,"Chicago, IL ",Lake View East,41.9399723,-87.6492748,Aug-19,283.0,343,362,64,277,1576804082,10,0,9,0,0,300,19,41.937725,-87.644095,Broadway & Barry Ave,16
126,52,"Chicago, IL ",Lake View East,41.9399723,-87.6492748,Aug-19,283.0,343,362,64,280,1576801842,16,0,7,0,0,303,23,41.945529,-87.646439,Broadway & Cornelia Ave,16
127,52,"Chicago, IL ",Lake View East,41.9399723,-87.6492748,Aug-19,283.0,343,362,64,281,1576803917,9,0,6,0,0,304,15,41.949073999999996,-87.648636,Broadway & Waveland Ave,16
128,52,"Chicago, IL ",Lake View East,41.9399723,-87.6492748,Aug-19,283.0,343,362,64,309,1576803977,9,0,10,0,0,332,19,41.93314,-87.64775999999999,Burling St (Halsted) & Diversey Pkwy (Temp),16
129,52,"Chicago, IL ",Lake View East,41.9399723,-87.6492748,Aug-19,283.0,343,362,64,311,1576802443,5,0,14,0,0,334,19,41.940775,-87.63919200000001,Lake Shore Dr & Belmont Ave,16
130,52,"Chicago, IL ",Lake View East,41.9399723,-87.6492748,Aug-19,283.0,343,362,64,576,1576804675,9,0,6,0,0,632,15,41.94454,-87.654678,Clark St & Newport St,16
131,54,"Chicago, IL ",Lincoln Park,41.9254701,-87.64877829999998,Aug-19,550.0,508,538,69,24,1576804488,8,0,7,0,0,28,15,41.91468,-87.64331999999999,Larrabee St & Menomonee St,21
132,54,"Chicago, IL ",Lincoln Park,41.9254701,-87.64877829999998,Aug-19,550.0,508,538,69,81,1576802741,6,0,9,0,0,93,15,41.913688,-87.652855,Sheffield Ave & Willow St,21
133,54,"Chicago, IL ",Lincoln Park,41.9254701,-87.64877829999998,Aug-19,550.0,508,538,69,99,1576804046,3,1,11,0,0,113,15,41.918440000000004,-87.65222,Bissell St & Armitage Ave,21
134,54,"Chicago, IL ",Lincoln Park,41.9254701,-87.64877829999998,Aug-19,550.0,508,538,69,112,1576802173,5,0,10,0,0,126,15,41.911974,-87.63194200000001,Clark St & North Ave,21
135,54,"Chicago, IL ",Lincoln Park,41.9254701,-87.64877829999998,Aug-19,550.0,508,538,69,128,1576803698,3,0,12,0,0,143,15,41.922167,-87.638888,Sedgwick St & Webster Ave,21
136,54,"Chicago, IL ",Lincoln Park,41.9254701,-87.64877829999998,Aug-19,550.0,508,538,69,146,1576803305,10,0,5,0,0,163,15,41.931931,-87.677856,Damen Ave & Clybourn Ave,21
137,54,"Chicago, IL ",Lincoln Park,41.9254701,-87.64877829999998,Aug-19,550.0,508,538,69,149,1576803005,5,0,10,0,0,166,15,41.92883,-87.66850699999999,Ashland Ave & Wrightwood Ave,21
138,54,"Chicago, IL ",Lincoln Park,41.9254701,-87.64877829999998,Aug-19,550.0,508,538,69,160,1576801953,10,0,21,0,0,177,31,41.926277,-87.630834,Theater on the Lake,21
139,54,"Chicago, IL ",Lincoln Park,41.9254701,-87.64877829999998,Aug-19,550.0,508,538,69,170,1576804055,6,0,9,0,0,188,15,41.925329999999995,-87.6658,Greenview Ave & Fullerton Ave,21
140,54,"Chicago, IL ",Lincoln Park,41.9254701,-87.64877829999998,Aug-19,550.0,508,538,69,171,1576803280,12,0,3,0,0,190,15,41.928773,-87.663913,Southport Ave & Wrightwood Ave,21
141,54,"Chicago, IL ",Lincoln Park,41.9254701,-87.64877829999998,Aug-19,550.0,508,538,69,201,1576804405,6,0,17,0,0,220,23,41.931248,-87.644336,Clark St & Drummond Pl,21
142,54,"Chicago, IL ",Lincoln Park,41.9254701,-87.64877829999998,Aug-19,550.0,508,538,69,203,1576800984,9,0,6,0,0,223,15,41.918215999999994,-87.656936,Clifton Ave & Armitage Ave,21
143,54,"Chicago, IL ",Lincoln Park,41.9254701,-87.64877829999998,Aug-19,550.0,508,538,69,204,1576796854,2,0,17,0,0,224,19,41.913865,-87.64875500000001,Halsted St & Willow St,21
144,54,"Chicago, IL ",Lincoln Park,41.9254701,-87.64877829999998,Aug-19,550.0,508,538,69,205,1576804545,6,1,16,0,0,225,23,41.919936,-87.64883,Halsted St & Dickens Ave,21
145,54,"Chicago, IL ",Lincoln Park,41.9254701,-87.64877829999998,Aug-19,550.0,508,538,69,246,1576797400,15,0,24,0,0,268,39,41.911722,-87.626804,Lake Shore Dr & North Blvd,21
146,54,"Chicago, IL ",Lincoln Park,41.9254701,-87.64877829999998,Aug-19,550.0,508,538,69,265,1576801399,4,0,11,0,0,288,15,41.918084,-87.643749,Larrabee St & Armitage Ave,21
147,54,"Chicago, IL ",Lincoln Park,41.9254701,-87.64877829999998,Aug-19,550.0,508,538,69,284,1576803448,5,0,10,0,0,307,15,41.920771,-87.663712,Southport Ave & Clybourn Ave,21
148,54,"Chicago, IL ",Lincoln Park,41.9254701,-87.64877829999998,Aug-19,550.0,508,538,69,290,1576795478,1,0,18,0,0,313,19,41.925858000000005,-87.638973,Lakeview Ave & Fullerton Pkwy,21
149,54,"Chicago, IL ",Lincoln Park,41.9254701,-87.64877829999998,Aug-19,550.0,508,538,69,306,1576798722,9,0,14,0,0,329,23,41.932588,-87.636427,Lake Shore Dr & Diversey Pkwy,21
150,54,"Chicago, IL ",Lincoln Park,41.9254701,-87.64877829999998,Aug-19,550.0,508,538,69,320,1576801716,4,1,10,0,0,343,15,41.928886999999996,-87.658971,Racine Ave & Wrightwood Ave,21
151,54,"Chicago, IL ",Lincoln Park,41.9254701,-87.64877829999998,Aug-19,550.0,508,538,69,610,1576799184,7,0,24,0,0,673,31,41.92393131,-87.63582453,Lincoln Park Conservatory,21
152,55,"Chicago, IL ",Lincoln Square,41.9686816,-87.6889648,Aug-19,400.0,167,208,58,218,1576803055,5,0,10,0,0,239,15,41.96581646,-87.68649817,Western Ave & Leland Ave,10
153,55,"Chicago, IL ",Lincoln Square,41.9686816,-87.6889648,Aug-19,400.0,167,208,58,221,1576804132,0,0,15,0,0,242,15,41.967094,-87.679028,Damen Ave & Leland Ave,10
154,55,"Chicago, IL ",Lincoln Square,41.9686816,-87.6889648,Aug-19,400.0,167,208,58,222,1576804551,8,0,7,0,0,243,15,41.963004,-87.684781,Lincoln Ave & Sunnyside Ave,10
155,55,"Chicago, IL ",Lincoln Square,41.9686816,-87.6889648,Aug-19,400.0,167,208,58,288,1576804184,2,1,16,0,0,311,19,41.968885,-87.684001,Leavitt St & Lawrence Ave,10
156,55,"Chicago, IL ",Lincoln Square,41.9686816,-87.6889648,Aug-19,400.0,167,208,58,293,1576800667,6,0,13,0,0,316,19,41.96325,-87.67925799999999,Damen Ave & Sunnyside Ave,10
157,55,"Chicago, IL ",Lincoln Square,41.9686816,-87.6889648,Aug-19,400.0,167,208,58,321,1576804404,2,0,45,0,0,344,47,41.96909,-87.674237,Ravenswood Ave & Lawrence Ave,10
158,55,"Chicago, IL ",Lincoln Square,41.9686816,-87.6889648,Aug-19,400.0,167,208,58,425,1576804037,7,0,8,0,0,462,15,41.979762,-87.67753,Winchester (Ravenswood) Ave & Balmoral Ave,10
159,55,"Chicago, IL ",Lincoln Square,41.9686816,-87.6889648,Aug-19,400.0,167,208,58,427,1576802823,9,0,6,0,0,464,15,41.975614799999995,-87.67945904,Damen Ave & Foster Ave,10
160,55,"Chicago, IL ",Lincoln Square,41.9686816,-87.6889648,Aug-19,400.0,167,208,58,437,1576803930,11,0,4,0,0,475,15,41.968987,-87.696027,Washtenaw Ave & Lawrence Ave,10
161,55,"Chicago, IL ",Lincoln Square,41.9686816,-87.6889648,Aug-19,400.0,167,208,58,597,1576804684,4,0,11,0,0,655,15,41.979851000000004,-87.68193199999999,Hoyne Ave & Balmoral Ave,10
162,56,"Chicago, IL ",Little Italy,41.86954009999999,-87.6511328,Aug-19,285.0,94,80,59,15,1576803233,10,0,5,0,0,19,15,41.868968,-87.659141,Throop (Loomis) St & Taylor St,8
163,56,"Chicago, IL ",Little Italy,41.86954009999999,-87.6511328,Aug-19,285.0,94,80,59,51,1576802029,6,0,17,0,0,55,23,41.867323999999996,-87.648625,Halsted St & Roosevelt Rd,8
164,56,"Chicago, IL ",Little Italy,41.86954009999999,-87.6511328,Aug-19,285.0,94,80,59,94,1576803615,9,0,10,0,0,108,19,41.87184,-87.64664,Halsted St & Polk St,8
165,56,"Chicago, IL ",Little Italy,41.86954009999999,-87.6511328,Aug-19,285.0,94,80,59,95,1576799649,5,0,14,0,0,109,19,41.874753999999996,-87.649807,900 W Harrison St,8
166,56,"Chicago, IL ",Little Italy,41.86954009999999,-87.6511328,Aug-19,285.0,94,80,59,122,1576800462,9,0,6,0,0,136,15,41.865054,-87.656959,Racine Ave & 13th St,8
167,56,"Chicago, IL ",Little Italy,41.86954009999999,-87.6511328,Aug-19,285.0,94,80,59,123,1576799199,7,0,8,0,0,137,15,41.862378,-87.651062,Morgan Ave & 14th Pl,8
168,56,"Chicago, IL ",Little Italy,41.86954009999999,-87.6511328,Aug-19,285.0,94,80,59,220,1576802961,2,0,17,0,0,241,19,41.871736999999996,-87.65103,Morgan St & Polk St,8
169,56,"Chicago, IL ",Little Italy,41.86954009999999,-87.6511328,Aug-19,285.0,94,80,59,259,1576801779,11,0,4,0,0,282,15,41.864883,-87.647071,Halsted St & Maxwell St,8
170,57,"Chicago, IL ",Logan Square,41.9230598,-87.70929079999998,Aug-19,435.0,267,240,50,109,1576804215,1,0,14,0,0,123,15,41.922695000000004,-87.697153,California Ave & Milwaukee Ave,14
171,57,"Chicago, IL ",Logan Square,41.9230598,-87.70929079999998,Aug-19,435.0,267,240,50,168,1576803154,4,0,7,0,0,185,11,41.917741,-87.69139200000001,Stave St & Armitage Ave,14
172,57,"Chicago, IL ",Logan Square,41.9230598,-87.70929079999998,Aug-19,435.0,267,240,50,202,1576799653,14,0,5,0,0,222,19,41.920195,-87.693033,Milwaukee Ave & Rockwell St,14
173,57,"Chicago, IL ",Logan Square,41.9230598,-87.70929079999998,Aug-19,435.0,267,240,50,238,1576801450,7,0,8,0,0,259,15,41.91849115,-87.6974228,California Ave & Francis Pl (Temp),14
174,57,"Chicago, IL ",Logan Square,41.9230598,-87.70929079999998,Aug-19,435.0,267,240,50,267,1576804590,5,0,10,0,0,290,15,41.921525,-87.70732199999999,Kedzie Ave & Palmer Ct,14
175,57,"Chicago, IL ",Logan Square,41.9230598,-87.70929079999998,Aug-19,435.0,267,240,50,461,1576800149,5,1,9,0,0,499,15,41.93058537,-87.72377736,Kosciuszko Park,14
176,57,"Chicago, IL ",Logan Square,41.9230598,-87.70929079999998,Aug-19,435.0,267,240,50,463,1576782293,7,0,8,0,0,501,15,41.93190197,-87.70119513,Richmond St & Diversey Ave,14
177,57,"Chicago, IL ",Logan Square,41.9230598,-87.70929079999998,Aug-19,435.0,267,240,50,464,1576803623,4,0,11,0,0,502,15,41.92669,-87.69766800000001,California Ave & Altgeld St,14
178,57,"Chicago, IL ",Logan Square,41.9230598,-87.70929079999998,Aug-19,435.0,267,240,50,465,1576799529,4,0,11,0,0,503,15,41.92439882,-87.71544104,Drake Ave & Fullerton Ave,14
179,57,"Chicago, IL ",Logan Square,41.9230598,-87.70929079999998,Aug-19,435.0,267,240,50,466,1576803074,10,1,4,0,0,504,15,41.92463247,-87.68930701,Campbell Ave & Fullerton Ave,14
180,57,"Chicago, IL ",Logan Square,41.9230598,-87.70929079999998,Aug-19,435.0,267,240,50,468,1576803516,7,0,8,0,0,506,15,41.91710803,-87.71022096,Spaulding Ave & Armitage Ave,14
181,57,"Chicago, IL ",Logan Square,41.9230598,-87.70929079999998,Aug-19,435.0,267,240,50,469,1576797862,6,0,13,0,0,507,19,41.91751339,-87.70180896,Humboldt Blvd & Armitage Ave,14
182,57,"Chicago, IL ",Logan Square,41.9230598,-87.70929079999998,Aug-19,435.0,267,240,50,473,1576802569,2,0,13,0,0,511,15,41.91402671,-87.70512646,Albany Ave & Bloomingdale Ave,14
183,57,"Chicago, IL ",Logan Square,41.9230598,-87.70929079999998,Aug-19,435.0,267,240,50,583,1576804679,4,0,7,0,0,641,11,41.914165999999994,-87.716755,Central Park Ave & Bloomingdale Ave,14
184,58,"Chicago, IL ",Lower West Side,41.8523331,-87.6660157,Aug-19,405.0,63,57,54,10,1576798735,8,0,7,0,0,14,15,41.858086,-87.651073,Morgan St & 18th St,10
185,58,"Chicago, IL ",Lower West Side,41.8523331,-87.6660157,Aug-19,405.0,63,57,54,11,1576801483,2,0,13,0,0,15,15,41.858166,-87.65649499999999,Racine Ave & 18th St,10
186,58,"Chicago, IL ",Lower West Side,41.8523331,-87.6660157,Aug-19,405.0,63,57,54,110,1576799605,4,1,10,0,0,124,15,41.855048,-87.675726,Damen Ave & Cullerton St,10
187,58,"Chicago, IL ",Lower West Side,41.8523331,-87.6660157,Aug-19,405.0,63,57,54,115,1576800707,6,1,8,0,0,129,15,41.857556,-87.661535,Blue Island Ave & 18th St,10
188,58,"Chicago, IL ",Lower West Side,41.8523331,-87.6660157,Aug-19,405.0,63,57,54,121,1576735068,5,0,6,0,0,135,11,41.85378,-87.64665,Halsted St & 21st St,10
189,58,"Chicago, IL ",Lower West Side,41.8523331,-87.6660157,Aug-19,405.0,63,57,54,154,1576765062,4,0,7,0,0,171,11,41.855136,-87.654127,May St & Cullerton St,10
190,58,"Chicago, IL ",Lower West Side,41.8523331,-87.6660157,Aug-19,405.0,63,57,54,186,1576799305,8,0,7,0,0,205,15,41.857901,-87.668745,Paulina St & 18th St,10
191,58,"Chicago, IL ",Lower West Side,41.8523331,-87.6660157,Aug-19,405.0,63,57,54,189,1576802631,9,0,6,0,0,208,15,41.853809999999996,-87.665897,Ashland Ave & 21st St,10
192,58,"Chicago, IL ",Lower West Side,41.8523331,-87.6660157,Aug-19,405.0,63,57,54,339,1576714993,5,0,10,0,0,368,15,41.83920868,-87.66560986,Ashland Ave & Archer Ave,10
193,58,"Chicago, IL ",Lower West Side,41.8523331,-87.6660157,Aug-19,405.0,63,57,54,409,1576752843,6,0,5,0,0,446,11,41.84151771,-87.68513144,Western Ave & 28th St,10
194,59,"Chicago, IL ",Magnolia Glen,41.9883635,-87.6639757,Aug-19,325.0,18,11,64,420,1576801589,6,0,9,0,0,457,15,41.99051756,-87.66983359999999,Clark St & Elmdale Ave,2
195,59,"Chicago, IL ",Magnolia Glen,41.9883635,-87.6639757,Aug-19,325.0,18,11,64,424,1576802347,6,0,9,0,0,461,15,41.98404461,-87.66027383,Broadway & Ridge Ave,2
196,60,"Chicago, IL ",Marshall Square,41.847896500000004,-87.6953228,Aug-19,125.0,11,9,62,184,1576798481,6,0,9,0,0,203,15,41.854109,-87.685838,Western Ave & 21st St,6
197,60,"Chicago, IL ",Marshall Square,41.847896500000004,-87.6953228,Aug-19,125.0,11,9,62,325,1576789129,2,0,13,0,0,348,15,41.85380407,-87.69574240000001,California Ave & 21st St,6
198,60,"Chicago, IL ",Marshall Square,41.847896500000004,-87.6953228,Aug-19,125.0,11,9,62,402,1576801088,5,0,6,0,0,439,11,41.85353363,-87.70507303,Kedzie Ave & 21st St,6
199,60,"Chicago, IL ",Marshall Square,41.847896500000004,-87.6953228,Aug-19,125.0,11,9,62,405,1576789007,5,0,6,0,0,442,11,41.84910969,-87.69513981,California Ave & 23rd Pl,6
200,60,"Chicago, IL ",Marshall Square,41.847896500000004,-87.6953228,Aug-19,125.0,11,9,62,407,1576666815,4,0,7,0,0,444,11,41.84447501,-87.70201301,Albany Ave & 26th St,6
201,60,"Chicago, IL ",Marshall Square,41.847896500000004,-87.6953228,Aug-19,125.0,11,9,62,408,1576771422,5,0,6,0,0,445,11,41.84404003,-87.69529592,California Ave & 26th St,6
202,62,"Chicago, IL ",McKinley Park,41.8316175,-87.6729074,Aug-19,283.0,20,37,45,6,1576799446,8,0,7,0,0,9,15,41.82879202,-87.68060446,Leavitt St & Archer Ave,4
203,62,"Chicago, IL ",McKinley Park,41.8316175,-87.6729074,Aug-19,283.0,20,37,45,504,1576752731,5,0,6,0,0,546,11,41.823192,-87.676597,Damen Ave & Pershing Rd,4
204,62,"Chicago, IL ",McKinley Park,41.8316175,-87.6729074,Aug-19,283.0,20,37,45,505,1576752775,8,0,3,0,0,547,11,41.823465,-87.665577,Ashland Ave & Pershing Rd,4
205,62,"Chicago, IL ",McKinley Park,41.8316175,-87.6729074,Aug-19,283.0,20,37,45,587,1576804290,3,0,8,0,0,645,11,41.826712,-87.683144,Archer (Damen) Ave & 37th St,4
206,65,"Chicago, IL ",Near North Side,41.903909999999996,-87.6314629,Aug-19,395.0,779,938,76,565,1576803743,6,1,8,0,0,620,15,41.898203,-87.637536,Orleans St & Chestnut St (NEXT Apts),1
207,66,"Chicago, IL ",Near South Side,41.80546409999999,-87.60876379999998,Aug-19,367.0,228,247,68,1,1576803409,3,0,52,0,0,3,55,41.86722596,-87.61535539,Shedd Aquarium,13
208,66,"Chicago, IL ",Near South Side,41.80546409999999,-87.60876379999998,Aug-19,367.0,228,247,68,2,1576793647,6,0,17,0,0,4,23,41.856268,-87.613348,Burnham Harbor,13
209,66,"Chicago, IL ",Near South Side,41.80546409999999,-87.60876379999998,Aug-19,367.0,228,247,68,38,1576801036,11,0,0,0,0,42,11,41.852619,-87.626488,Wabash Ave & Cermak Rd,13
210,66,"Chicago, IL ",Near South Side,41.80546409999999,-87.60876379999998,Aug-19,367.0,228,247,68,55,1576804247,22,0,1,0,0,59,23,41.867227,-87.625961,Wabash Ave & Roosevelt Rd,13
211,66,"Chicago, IL ",Near South Side,41.80546409999999,-87.60876379999998,Aug-19,367.0,228,247,68,58,1576801921,8,0,19,0,0,62,27,41.85137517,-87.61883465,McCormick Place,13
212,66,"Chicago, IL ",Near South Side,41.80546409999999,-87.60876379999998,Aug-19,367.0,228,247,68,64,1576804065,19,0,20,0,0,72,39,41.860384,-87.625813,Wabash Ave & 16th St,13
213,66,"Chicago, IL ",Near South Side,41.80546409999999,-87.60876379999998,Aug-19,367.0,228,247,68,85,1576803564,7,0,48,0,0,97,55,41.865312,-87.617867,Field Museum,13
214,66,"Chicago, IL ",Near South Side,41.80546409999999,-87.60876379999998,Aug-19,367.0,228,247,68,132,1576798265,4,0,11,0,0,147,15,41.845687,-87.62248100000001,Indiana Ave & 26th St,13
215,66,"Chicago, IL ",Near South Side,41.80546409999999,-87.60876379999998,Aug-19,367.0,228,247,68,161,1576804326,12,0,3,0,0,178,15,41.856594,-87.627542,State St & 19th St,13
216,66,"Chicago, IL ",Near South Side,41.80546409999999,-87.60876379999998,Aug-19,367.0,228,247,68,250,1576803064,2,0,21,0,0,273,23,41.857813,-87.62455,Michigan Ave & 18th St,13
217,66,"Chicago, IL ",Near South Side,41.80546409999999,-87.60876379999998,Aug-19,367.0,228,247,68,315,1576799177,10,0,5,0,0,338,15,41.857611,-87.619407,Calumet Ave & 18th St,13
218,66,"Chicago, IL ",Near South Side,41.80546409999999,-87.60876379999998,Aug-19,367.0,228,247,68,318,1576795489,0,0,39,0,0,341,39,41.866095,-87.60726700000001,Adler Planetarium,13
219,66,"Chicago, IL ",Near South Side,41.80546409999999,-87.60876379999998,Aug-19,367.0,228,247,68,341,1576800000,15,0,0,0,0,370,15,41.85418425,-87.61915374,Calumet Ave & 21st St,13
220,67,"Chicago, IL ",New City,41.8066775,-87.6679765,Aug-19,115.0,66,105,54,371,1576666888,4,0,7,0,0,408,11,41.819102,-87.64327800000001,Union Ave & Root St,1
221,68,"Chicago, IL ",North Center,41.9467449,-87.6882569,Aug-19,590.0,236,232,63,145,1576798194,8,0,7,0,0,162,15,41.93588,-87.67841999999999,Damen Ave & Wellington Ave,11
222,68,"Chicago, IL ",North Center,41.9467449,-87.6882569,Aug-19,590.0,236,232,63,208,1576799008,1,1,13,0,0,228,15,41.9406,-87.6785,Damen Ave & Melrose Ave,11
223,68,"Chicago, IL ",North Center,41.9467449,-87.6882569,Aug-19,590.0,236,232,63,217,1576800688,5,0,10,0,0,238,15,41.961406,-87.67616899999999,Wolcott (Ravenswood) Ave & Montrose Ave,11
224,68,"Chicago, IL ",North Center,41.9467449,-87.6882569,Aug-19,590.0,236,232,63,223,1576804181,19,0,0,0,0,244,19,41.95469,-87.67393,Ravenswood Ave & Irving Park Rd,11
225,68,"Chicago, IL ",North Center,41.9467449,-87.6882569,Aug-19,590.0,236,232,63,236,1576804026,8,0,7,0,0,257,15,41.948797,-87.675278,Lincoln Ave & Waveland Ave,11
226,68,"Chicago, IL ",North Center,41.9467449,-87.6882569,Aug-19,590.0,236,232,63,275,1576804462,12,2,1,0,0,298,15,41.95602,-87.680293,Lincoln Ave & Belle Plaine Ave,11
227,68,"Chicago, IL ",North Center,41.9467449,-87.6882569,Aug-19,590.0,236,232,63,448,1576802566,9,0,6,0,0,486,15,41.95434085,-87.68607962,Oakley Ave & Irving Park Rd,11
228,68,"Chicago, IL ",North Center,41.9467449,-87.6882569,Aug-19,590.0,236,232,63,453,1576803622,2,0,13,0,0,491,15,41.94663583,-87.69461476,Talman Ave & Addison St,11
229,68,"Chicago, IL ",North Center,41.9467449,-87.6882569,Aug-19,590.0,236,232,63,454,1576796252,4,0,11,0,0,492,15,41.946655,-87.683359,Leavitt St & Addison St,11
230,68,"Chicago, IL ",North Center,41.9467449,-87.6882569,Aug-19,590.0,236,232,63,455,1576800882,7,0,4,0,0,493,11,41.943034000000004,-87.687288,Western Ave & Roscoe St,11
231,68,"Chicago, IL ",North Center,41.9467449,-87.6882569,Aug-19,590.0,236,232,63,606,1576804429,10,0,6,0,0,664,16,41.939353999999994,-87.68328199999999,Leavitt St & Belmont Ave (*),11
232,69,"Chicago, IL ",North Lawndale,41.8589782,-87.7152017,Aug-19,160.0,59,81,56,398,1576751794,6,0,5,0,0,435,11,41.86649278,-87.70649618,Kedzie Ave & Roosevelt Rd,4
233,69,"Chicago, IL ",North Lawndale,41.8589782,-87.7152017,Aug-19,160.0,59,81,56,399,1576666772,3,0,8,0,0,436,11,41.866624,-87.694521,Fairfield Ave & Roosevelt Rd,4
234,69,"Chicago, IL ",North Lawndale,41.8589782,-87.7152017,Aug-19,160.0,59,81,56,400,1576800921,4,0,11,0,0,437,15,41.861894,-87.693511,Washtenaw Ave & Ogden Ave,4
235,69,"Chicago, IL ",North Lawndale,41.8589782,-87.7152017,Aug-19,160.0,59,81,56,401,1576787408,4,0,11,0,0,438,15,41.85420431,-87.71540584,Central Park Ave & Ogden Ave,4
236,71,"Chicago, IL ",North Park,41.982847899999996,-87.72844289999998,Aug-19,400.0,54,44,51,432,1576794309,5,0,10,0,0,469,15,41.98039423,-87.71611496,St. Louis Ave & Balmoral Ave,3
237,71,"Chicago, IL ",North Park,41.982847899999996,-87.72844289999998,Aug-19,400.0,54,44,51,433,1576798585,4,0,7,0,0,470,11,41.975671999999996,-87.709261,Kedzie Ave & Foster Ave,3
238,71,"Chicago, IL ",North Park,41.982847899999996,-87.72844289999998,Aug-19,400.0,54,44,51,456,1576803222,7,0,8,0,0,494,15,41.98239708,-87.70892252,Kedzie Ave & Bryn Mawr Ave,3
239,74,"Chicago, IL ",Old Irving Park,41.95354589999999,-87.7380684,Aug-19,383.0,54,56,55,445,1576802445,4,1,14,0,0,483,19,41.953393,-87.73200200000001,Avondale Ave & Irving Park Rd,4
240,74,"Chicago, IL ",Old Irving Park,41.95354589999999,-87.7380684,Aug-19,383.0,54,56,55,548,1576798230,4,0,7,0,0,590,11,41.953733,-87.740569,Kilbourn Ave & Irving Park Rd,4
241,74,"Chicago, IL ",Old Irving Park,41.95354589999999,-87.7380684,Aug-19,383.0,54,56,55,549,1576798592,6,0,9,0,0,591,15,41.948818,-87.74002,Kilbourn Ave & Milwaukee Ave,4
242,74,"Chicago, IL ",Old Irving Park,41.95354589999999,-87.7380684,Aug-19,383.0,54,56,55,550,1576666840,7,0,4,0,0,592,11,41.960631,-87.745359,Knox Ave & Montrose Ave,4
243,75,"Chicago, IL ",Old Town Triangle,41.911120600000004,-87.63980070000002,Aug-19,315.0,36,63,48,82,1576804662,24,0,7,0,0,94,31,41.918306,-87.636282,Clark St & Armitage Ave,4
244,75,"Chicago, IL ",Old Town Triangle,41.911120600000004,-87.63980070000002,Aug-19,315.0,36,63,48,104,1576802332,2,1,16,0,0,118,19,41.911386,-87.638677,Sedgwick St & North Ave,4
245,75,"Chicago, IL ",Old Town Triangle,41.911120600000004,-87.63980070000002,Aug-19,315.0,36,63,48,126,1576803843,5,0,18,0,0,141,23,41.915689,-87.6346,Clark St & Lincoln Ave,4
246,75,"Chicago, IL ",Old Town Triangle,41.911120600000004,-87.63980070000002,Aug-19,315.0,36,63,48,266,1576804203,10,0,9,0,0,289,19,41.912133000000004,-87.634656,Wells St & Concord Ln,4
247,78,"Chicago, IL ",Portage Park,41.953216999999995,-87.76455759999996,Aug-19,325.0,203,233,52,547,1576677549,5,0,6,0,0,589,11,41.954468,-87.74959399999999,Milwaukee Ave & Cuyler Ave,1
248,79,"Chicago, IL ",Pulaski Park,41.905107799999996,-87.6624135,Aug-19,454.0,24,36,70,25,1576803597,3,0,12,0,0,29,15,41.90068,-87.6626,Noble St & Milwaukee Ave,1
249,82,"Chicago, IL ",Ravenswood Gardens,41.96474129999999,-87.69385779999998,Aug-19,899.0,1,7,17,440,1576799219,8,1,6,0,0,478,15,41.96590014,-87.69363849,Rockwell St & Eastwood Ave,2
250,82,"Chicago, IL ",Ravenswood Gardens,41.96474129999999,-87.69385779999998,Aug-19,899.0,1,7,17,444,1576802036,7,0,8,0,0,482,15,41.96152593,-87.69116504,Campbell Ave & Montrose Ave,2
251,83,"Chicago, IL ",River North,41.89238479999999,-87.6340749,Aug-19,439.0,142,144,69,43,1576802524,6,0,25,0,0,47,31,41.889187,-87.62775400000001,State St & Kinzie St,15
252,83,"Chicago, IL ",River North,41.89238479999999,-87.6340749,Aug-19,439.0,142,144,69,49,1576804325,8,0,19,0,0,53,27,41.894721999999994,-87.634362,Wells St & Huron St,15
253,83,"Chicago, IL ",River North,41.89238479999999,-87.6340749,Aug-19,439.0,142,144,69,66,1576804256,14,0,9,0,0,74,23,41.89380806,-87.64169723,Kingsbury St & Erie St,15
254,83,"Chicago, IL ",River North,41.89238479999999,-87.6340749,Aug-19,439.0,142,144,69,88,1576803803,2,0,33,0,0,100,35,41.888243,-87.63639,Orleans St & Merchandise Mart Plaza,15
255,83,"Chicago, IL ",River North,41.89238479999999,-87.6340749,Aug-19,439.0,142,144,69,96,1576804510,10,0,17,0,0,110,27,41.893992,-87.62931800000001,Dearborn St & Erie St,15
256,83,"Chicago, IL ",River North,41.89238479999999,-87.6340749,Aug-19,439.0,142,144,69,97,1576804334,3,0,24,0,0,111,27,41.894666,-87.638437,Sedgwick St & Huron St,15
257,83,"Chicago, IL ",River North,41.89238479999999,-87.6340749,Aug-19,439.0,142,144,69,111,1576801104,0,0,23,0,0,125,23,41.890173,-87.62618499999999,Rush St & Hubbard St,15
258,83,"Chicago, IL ",River North,41.89238479999999,-87.6340749,Aug-19,439.0,142,144,69,119,1576803659,5,0,26,0,0,133,31,41.88917683,-87.63850577,Kingsbury St & Kinzie St,15
259,83,"Chicago, IL ",River North,41.89238479999999,-87.6340749,Aug-19,439.0,142,144,69,144,1576804386,5,0,18,0,0,161,23,41.89576475,-87.62590803,Rush St & Superior St,15
260,83,"Chicago, IL ",River North,41.89238479999999,-87.6340749,Aug-19,439.0,142,144,69,164,1576804142,3,0,28,0,0,181,31,41.890762,-87.631697,LaSalle St & Illinois St,15
261,83,"Chicago, IL ",River North,41.89238479999999,-87.6340749,Aug-19,439.0,142,144,69,180,1576804514,1,0,30,0,0,199,31,41.891465999999994,-87.626761,Wabash Ave & Grand Ave,15
262,83,"Chicago, IL ",River North,41.89238479999999,-87.6340749,Aug-19,439.0,142,144,69,193,1576804460,2,0,29,0,0,212,31,41.889905999999996,-87.634266,Wells St & Hubbard St,15
263,83,"Chicago, IL ",River North,41.89238479999999,-87.6340749,Aug-19,439.0,142,144,69,572,1576802683,6,0,13,0,0,627,19,41.894877,-87.632326,LaSalle Dr & Huron St,15
264,83,"Chicago, IL ",River North,41.89238479999999,-87.6340749,Aug-19,439.0,142,144,69,578,1576796980,0,0,11,0,0,636,11,41.890028,-87.636618,Orleans St & Hubbard St,15
265,83,"Chicago, IL ",River North,41.89238479999999,-87.6340749,Aug-19,439.0,142,144,69,609,1576804354,9,0,2,0,0,672,11,41.89102331,-87.63547987,Franklin St & Illinois St,15
266,88,"Chicago, IL ",South Chicago,41.7396861,-87.5544182,Aug-19,79.0,62,111,93,538,1576666866,2,0,9,0,0,580,11,41.751731,-87.552812,Exchange Ave & 79th St,2
267,88,"Chicago, IL ",South Chicago,41.7396861,-87.5544182,Aug-19,79.0,62,111,93,540,1576666909,7,0,4,0,0,582,11,41.744531,-87.56506,Phillips Ave & 83rd St,2
268,91,"Chicago, IL ",South Loop,41.878635100000004,-87.62505490000002,Aug-19,355.0,327,364,65,106,1576804530,2,0,17,0,0,120,19,41.853004999999996,-87.630578,Wentworth Ave & Cermak Rd (Temp),3
269,91,"Chicago, IL ",South Loop,41.878635100000004,-87.62505490000002,Aug-19,355.0,327,364,65,152,1576798879,8,0,7,0,0,169,15,41.874255,-87.639573,Canal St & Harrison St,3
270,91,"Chicago, IL ",South Loop,41.878635100000004,-87.62505490000002,Aug-19,355.0,327,364,65,377,1576803241,8,0,7,0,0,414,15,41.870257,-87.63947399999999,Canal St & Taylor St,3
271,92,"Chicago, IL ",South Shore,41.7594168,-87.5560283,Aug-19,121.0,96,133,73,8,1576804035,5,0,10,0,0,12,15,41.76640946,-87.56568757,South Shore Dr & 71st St,6
272,92,"Chicago, IL ",South Shore,41.7594168,-87.5560283,Aug-19,121.0,96,133,73,361,1576666541,4,0,7,0,0,396,11,41.758767999999996,-87.56644,Yates Blvd & 75th St,6
273,92,"Chicago, IL ",South Shore,41.7594168,-87.5560283,Aug-19,121.0,96,133,73,362,1576753039,5,0,10,0,0,398,15,41.75787145,-87.54938625,Rainbow Beach,6
274,92,"Chicago, IL ",South Shore,41.7594168,-87.5560283,Aug-19,121.0,96,133,73,363,1576753144,3,0,8,0,0,399,11,41.76218896,-87.55927465,South Shore Dr & 74th St,6
275,92,"Chicago, IL ",South Shore,41.7594168,-87.5560283,Aug-19,121.0,96,133,73,536,1576666851,4,0,7,0,0,578,11,41.751785,-87.578496,Bennett Ave & 79th St,6
276,92,"Chicago, IL ",South Shore,41.7594168,-87.5560283,Aug-19,121.0,96,133,73,537,1576666596,3,0,8,0,0,579,11,41.75182,-87.565211,Phillips Ave & 79th St,6
277,93,"Chicago, IL ",South Side,41.80546409999999,-87.60876379999998,Aug-19,220.0,663,895,65,532,1576752959,4,0,7,0,0,574,11,41.75094,-87.61379000000001,Vernon Ave & 79th St,4
278,93,"Chicago, IL ",South Side,41.80546409999999,-87.60876379999998,Aug-19,220.0,663,895,65,544,1576753069,5,0,6,0,0,586,11,41.743116,-87.6148,MLK Jr Dr & 83rd St,4
279,93,"Chicago, IL ",South Side,41.80546409999999,-87.60876379999998,Aug-19,220.0,663,895,65,545,1576753041,3,0,8,0,0,587,11,41.743316,-87.622849,Wabash Ave & 83rd St,4
280,93,"Chicago, IL ",South Side,41.80546409999999,-87.60876379999998,Aug-19,220.0,663,895,65,553,1576666530,1,0,10,0,0,595,11,41.736646,-87.62263399999999,Wabash Ave & 87th St,4
281,94,"Chicago, IL ",Streeterville,41.8927362,-87.6200416,Aug-19,374.0,179,223,97,20,1576802857,6,1,8,0,0,24,15,41.8925,-87.6207,Fairbanks Ct & Grand Ave,10
282,94,"Chicago, IL ",Streeterville,41.8927362,-87.6200416,Aug-19,374.0,179,223,97,22,1576804141,14,0,17,0,0,26,31,41.890359000000004,-87.617532,McClurg Ct & Illinois St,10
283,94,"Chicago, IL ",Streeterville,41.8927362,-87.6200416,Aug-19,374.0,179,223,97,31,1576804299,17,0,30,0,0,35,47,41.892278000000005,-87.612043,Streeter Dr & Grand Ave,10
284,94,"Chicago, IL ",Streeterville,41.8927362,-87.6200416,Aug-19,374.0,179,223,97,87,1576801520,4,0,15,0,0,99,19,41.89257,-87.614492,Lake Shore Dr & Ohio St,10
285,94,"Chicago, IL ",Streeterville,41.8927362,-87.6200416,Aug-19,374.0,179,223,97,127,1576802663,5,0,26,0,0,142,31,41.894503,-87.61785400000001,McClurg Ct & Erie St,10
286,94,"Chicago, IL ",Streeterville,41.8927362,-87.6200416,Aug-19,374.0,179,223,97,130,1576804577,2,0,17,0,0,145,19,41.89858665,-87.62191523,Mies van der Rohe Way & Chestnut St,10
287,94,"Chicago, IL ",Streeterville,41.8927362,-87.6200416,Aug-19,374.0,179,223,97,156,1576798421,0,0,15,0,0,173,15,41.89691,-87.62174300000001,Mies van der Rohe Way & Chicago Ave,10
288,94,"Chicago, IL ",Streeterville,41.8927362,-87.6200416,Aug-19,374.0,179,223,97,177,1576804666,3,0,28,0,0,196,31,41.890572999999996,-87.622072,Cityfront Plaza Dr & Pioneer Ct,10
289,94,"Chicago, IL ",Streeterville,41.8927362,-87.6200416,Aug-19,374.0,179,223,97,192,1576802349,1,0,18,0,0,211,19,41.894448,-87.622663,St. Clair St & Erie St,10
290,94,"Chicago, IL ",Streeterville,41.8927362,-87.6200416,Aug-19,374.0,179,223,97,577,1576801894,0,0,11,0,0,635,11,41.895748,-87.620104,Fairbanks St & Superior St,10
291,96,"Chicago, IL ",Uptown,41.9665404,-87.6533404,Aug-19,290.0,281,265,53,211,1576803774,17,0,6,0,0,231,23,41.96167,-87.65464,Sheridan Rd & Montrose Ave,9
292,96,"Chicago, IL ",Uptown,41.9665404,-87.6533404,Aug-19,290.0,281,265,53,232,1576798005,5,0,10,0,0,253,15,41.968812,-87.657659,Winthrop Ave & Lawrence Ave,9
293,96,"Chicago, IL ",Uptown,41.9665404,-87.6533404,Aug-19,290.0,281,265,53,270,1576803315,4,0,19,0,0,293,23,41.965221,-87.658139,Broadway & Wilson Ave,9
294,96,"Chicago, IL ",Uptown,41.9665404,-87.6533404,Aug-19,290.0,281,265,53,272,1576803387,12,0,7,0,0,295,19,41.973815,-87.65966,Broadway & Argyle St,9
295,96,"Chicago, IL ",Uptown,41.9665404,-87.6533404,Aug-19,290.0,281,265,53,283,1576803679,4,0,15,0,0,306,19,41.958494,-87.654966,Sheridan Rd & Buena Ave,9
296,96,"Chicago, IL ",Uptown,41.9665404,-87.6533404,Aug-19,290.0,281,265,53,289,1576803419,1,0,14,0,0,312,15,41.957879,-87.649519,Clarendon Ave & Gordon Ter,9
297,96,"Chicago, IL ",Uptown,41.9665404,-87.6533404,Aug-19,290.0,281,265,53,302,1576803622,8,0,11,0,0,325,19,41.97334,-87.66778000000001,Clark St & Winnemac Ave,9
298,96,"Chicago, IL ",Uptown,41.9665404,-87.6533404,Aug-19,290.0,281,265,53,428,1576799245,15,0,8,0,0,465,23,41.9716,-87.650154,Marine Dr & Ainslie St,9
299,96,"Chicago, IL ",Uptown,41.9665404,-87.6533404,Aug-19,290.0,281,265,53,581,1576733368,5,0,10,0,0,639,15,41.965845,-87.645361,Lakefront Trail & Wilson Ave,9
300,98,"Chicago, IL ",Washington Park,41.7944738,-87.615963,Aug-19,138.0,18,13,58,185,1576800668,4,0,7,0,0,204,11,41.794853,-87.618691,Prairie Ave & Garfield Blvd,3
301,98,"Chicago, IL ",Washington Park,41.7944738,-87.615963,Aug-19,138.0,18,13,58,384,1576761207,2,0,9,0,0,421,11,41.79342946,-87.61585326,MLK Jr Dr & 56th St,3
302,98,"Chicago, IL ",Washington Park,41.7944738,-87.615963,Aug-19,138.0,18,13,58,385,1576794940,7,0,4,0,0,422,11,41.79156801,-87.60785218,DuSable Museum,3
303,101,"Chicago, IL ",West Englewood,41.7780891,-87.66671769999998,Aug-19,54.0,64,106,44,516,1576770060,10,0,1,0,0,558,11,41.792821999999994,-87.664429,Ashland Ave & Garfield Blvd,7
304,101,"Chicago, IL ",West Englewood,41.7780891,-87.66671769999998,Aug-19,54.0,64,106,44,518,1576666610,4,0,7,0,0,560,11,41.786833,-87.66621500000001,Marshfield Ave & 59th St,7
305,101,"Chicago, IL ",West Englewood,41.7780891,-87.66671769999998,Aug-19,54.0,64,106,44,519,1576666820,2,0,9,0,0,561,11,41.78602,-87.67416700000001,Damen Ave & 59th St,7
306,101,"Chicago, IL ",West Englewood,41.7780891,-87.66671769999998,Aug-19,54.0,64,106,44,521,1576666510,4,0,7,0,0,563,11,41.779374,-87.664843,Ashland Ave & 63rd St,7
307,101,"Chicago, IL ",West Englewood,41.7780891,-87.66671769999998,Aug-19,54.0,64,106,44,523,1576666603,2,0,5,0,0,565,7,41.774074,-87.663815,Ashland Ave & 66th St,7
308,101,"Chicago, IL ",West Englewood,41.7780891,-87.66671769999998,Aug-19,54.0,64,106,44,524,1576666992,4,0,7,0,0,566,11,41.768726,-87.664069,Ashland Ave & 69th St,7
309,101,"Chicago, IL ",West Englewood,41.7780891,-87.66671769999998,Aug-19,54.0,64,106,44,589,1576666966,3,0,4,0,0,647,7,41.786691,-87.65585899999999,Elizabeth St & 59th St,7
310,104,"Chicago, IL ",West Ridge,42.0005804,-87.69257669999998,Aug-19,246.0,208,235,64,411,1576793600,9,0,2,0,0,448,11,42.00454962,-87.68066615,Warren Park East,6
311,104,"Chicago, IL ",West Ridge,42.0005804,-87.69257669999998,Aug-19,246.0,208,235,64,413,1576798817,6,0,5,0,0,450,11,42.001785,-87.688829,Warren Park West,6
312,104,"Chicago, IL ",West Ridge,42.0005804,-87.69257669999998,Aug-19,246.0,208,235,64,415,1576800029,3,0,8,0,0,452,11,41.99416137,-87.68943828,Western Ave & Granville Ave,6
313,104,"Chicago, IL ",West Ridge,42.0005804,-87.69257669999998,Aug-19,246.0,208,235,64,419,1576784246,6,0,5,0,0,456,11,41.991178000000005,-87.683593,2112 W Peterson Ave,6
314,104,"Chicago, IL ",West Ridge,42.0005804,-87.69257669999998,Aug-19,246.0,208,235,64,430,1576792796,1,0,14,0,0,467,15,42.00859439999999,-87.69049224,Western Ave & Lunt Ave,6
315,104,"Chicago, IL ",West Ridge,42.0005804,-87.69257669999998,Aug-19,246.0,208,235,64,485,1576802717,2,0,13,0,0,527,15,42.018901,-87.690048,Western Ave & Howard St,6
316,105,"Chicago, IL ",West Town,41.8935946,-87.6721671,Aug-19,515.0,588,629,66,12,1576803483,0,0,15,0,0,16,15,41.910337,-87.67007199999999,Paulina Ave & North Ave,30
317,105,"Chicago, IL ",West Town,41.8935946,-87.6721671,Aug-19,515.0,588,629,66,13,1576804503,8,0,15,0,0,17,23,41.903119000000004,-87.673935,Honore St & Division St,30
318,105,"Chicago, IL ",West Town,41.8935946,-87.6721671,Aug-19,515.0,588,629,66,26,1576801923,4,1,10,0,0,30,15,41.899643,-87.6677,Ashland Ave & Augusta Blvd,30
319,105,"Chicago, IL ",West Town,41.8935946,-87.6721671,Aug-19,515.0,588,629,66,52,1576804449,5,0,22,0,0,56,27,41.88871604,-87.64444785,Desplaines St & Kinzie St,30
320,105,"Chicago, IL ",West Town,41.8935946,-87.6721671,Aug-19,515.0,588,629,66,57,1576801999,8,0,11,0,0,61,19,41.907655,-87.672552,Wood St & Milwaukee Ave,30
321,105,"Chicago, IL ",West Town,41.8935946,-87.6721671,Aug-19,515.0,588,629,66,72,1576804223,11,1,7,0,0,84,19,41.891578,-87.648384,Milwaukee Ave & Grand Ave,30
322,105,"Chicago, IL ",West Town,41.8935946,-87.6721671,Aug-19,515.0,588,629,66,80,1576798231,6,0,13,0,0,92,19,41.894556,-87.653449,Carpenter St & Huron St,30
323,105,"Chicago, IL ",West Town,41.8935946,-87.6721671,Aug-19,515.0,588,629,66,114,1576802772,15,0,4,0,0,128,19,41.895769,-87.67721999999999,Damen Ave & Chicago Ave,30
324,105,"Chicago, IL ",West Town,41.8935946,-87.6721671,Aug-19,515.0,588,629,66,116,1576804623,4,0,15,0,0,130,19,41.903265999999995,-87.678435,Damen Ave & Division St,30
325,105,"Chicago, IL ",West Town,41.8935946,-87.6721671,Aug-19,515.0,588,629,66,141,1576803866,6,0,9,0,0,158,15,41.912616,-87.681391,Milwaukee Ave & Wabansia Ave,30
326,105,"Chicago, IL ",West Town,41.8935946,-87.6721671,Aug-19,515.0,588,629,66,142,1576801591,3,0,8,0,0,159,11,41.907781,-87.685854,Claremont Ave & Hirsch St,30
327,105,"Chicago, IL ",West Town,41.8935946,-87.6721671,Aug-19,515.0,588,629,66,143,1576803726,13,0,2,0,0,160,15,41.910534999999996,-87.68955600000001,Campbell Ave & North Ave,30
328,105,"Chicago, IL ",West Town,41.8935946,-87.6721671,Aug-19,515.0,588,629,66,166,1576802920,5,0,18,0,0,183,23,41.901315000000004,-87.677409,Damen Ave & Thomas St (Augusta Blvd),30
329,105,"Chicago, IL ",West Town,41.8935946,-87.6721671,Aug-19,515.0,588,629,66,169,1576803030,8,0,7,0,0,186,15,41.891795,-87.658751,Ogden Ave & Race Ave,30
330,105,"Chicago, IL ",West Town,41.8935946,-87.6721671,Aug-19,515.0,588,629,66,191,1576804354,8,0,19,0,0,210,27,41.90345,-87.66774699999999,Ashland Ave & Division St,30
331,105,"Chicago, IL ",West Town,41.8935946,-87.6721671,Aug-19,515.0,588,629,66,194,1576802099,4,0,11,0,0,213,15,41.910153,-87.68229000000001,Leavitt St & North Ave,30
332,105,"Chicago, IL ",West Town,41.8935946,-87.6721671,Aug-19,515.0,588,629,66,195,1576802506,6,0,17,0,0,214,23,41.891220000000004,-87.67685999999999,Damen Ave & Grand Ave,30
333,105,"Chicago, IL ",West Town,41.8935946,-87.6721671,Aug-19,515.0,588,629,66,197,1576799583,12,0,3,0,0,216,15,41.903029,-87.697474,California Ave & Division St,30
334,105,"Chicago, IL ",West Town,41.8935946,-87.6721671,Aug-19,515.0,588,629,66,253,1576804079,8,0,3,0,0,276,11,41.91044,-87.6972,California Ave & North Ave,30
335,105,"Chicago, IL ",West Town,41.8935946,-87.6721671,Aug-19,515.0,588,629,66,254,1576803722,8,0,7,0,0,277,15,41.891071999999994,-87.666611,Ashland Ave & Grand Ave,30
336,105,"Chicago, IL ",West Town,41.8935946,-87.6721671,Aug-19,515.0,588,629,66,262,1576804674,7,0,12,0,0,285,19,41.889899,-87.67147299999999,Wood St & Hubbard St,30
337,105,"Chicago, IL ",West Town,41.8935946,-87.6721671,Aug-19,515.0,588,629,66,292,1576798146,6,1,16,0,0,315,23,41.912919,-87.664169,Elston Ave & Wabansia Ave,30
338,105,"Chicago, IL ",West Town,41.8935946,-87.6721671,Aug-19,515.0,588,629,66,343,1576802413,6,0,17,0,0,374,23,41.89841769,-87.68659602,Western Ave & Walton St,30
339,105,"Chicago, IL ",West Town,41.8935946,-87.6721671,Aug-19,515.0,588,629,66,345,1576801497,5,0,30,0,0,376,35,41.88949182,-87.68821936,Artesian Ave & Hubbard St,30
340,105,"Chicago, IL ",West Town,41.8935946,-87.6721671,Aug-19,515.0,588,629,66,567,1576803109,7,0,8,0,0,622,15,41.900363,-87.696704,California Ave & Cortez St,30
341,105,"Chicago, IL ",West Town,41.8935946,-87.6721671,Aug-19,515.0,588,629,66,579,1576804672,10,0,6,0,0,637,16,41.895634,-87.672069,Wood St & Chicago Ave (*),30
342,105,"Chicago, IL ",West Town,41.8935946,-87.6721671,Aug-19,515.0,588,629,66,585,1576804546,3,0,13,0,0,643,16,41.892047999999996,-87.689397,Smith Park (*),30
343,105,"Chicago, IL ",West Town,41.8935946,-87.6721671,Aug-19,515.0,588,629,66,599,1576804551,4,0,11,0,0,657,15,41.899181,-87.6722,Wood St & Augusta Blvd,30
344,105,"Chicago, IL ",West Town,41.8935946,-87.6721671,Aug-19,515.0,588,629,66,600,1576804625,7,0,9,0,0,658,16,41.902997,-87.683825,Leavitt St & Division St (*),30
345,105,"Chicago, IL ",West Town,41.8935946,-87.6721671,Aug-19,515.0,588,629,66,601,1576799832,6,0,9,0,0,659,15,41.895501,-87.682017,Leavitt St & Chicago Ave,30
346,106,"Chicago, IL ",Woodlawn,41.78058,-87.59153509999999,Aug-19,199.0,55,78,58,83,1576752504,3,0,8,0,0,95,11,41.778881,-87.586647,Stony Island Ave & 64th St,6
347,106,"Chicago, IL ",Woodlawn,41.78058,-87.59153509999999,Aug-19,199.0,55,78,58,389,1576801507,4,0,15,0,0,426,19,41.78509715,-87.60107276,Ellis Ave & 60th St,6
348,106,"Chicago, IL ",Woodlawn,41.78058,-87.59153509999999,Aug-19,199.0,55,78,58,390,1576752947,6,0,9,0,0,427,15,41.78059901,-87.60611239,Cottage Grove Ave & 63rd St,6
349,106,"Chicago, IL ",Woodlawn,41.78058,-87.59153509999999,Aug-19,199.0,55,78,58,391,1576752647,2,0,9,0,0,428,11,41.78040565,-87.59141599,Dorchester Ave & 63rd St,6
350,106,"Chicago, IL ",Woodlawn,41.78058,-87.59153509999999,Aug-19,199.0,55,78,58,392,1576666973,1,0,10,0,0,429,11,41.77372095,-87.60563486,Cottage Grove Ave & 67th St,6
351,106,"Chicago, IL ",Woodlawn,41.78058,-87.59153509999999,Aug-19,199.0,55,78,58,394,1576666606,5,0,6,0,0,431,11,41.78414169,-87.61330783,Eberhart Ave & 61st St,6
352,107,"Chicago, IL ",Wrigleyville,41.949062,-87.656516,Aug-19,456.0,22,34,65,207,1576803909,2,0,21,0,0,227,23,41.94815,-87.66394,Southport Ave & Waveland Ave,1
